id,name,x,y
0,宽城区,56.17604053661343,60.726655664183234
1,二道区,69.2634311684309,48.44130698187534
2,朝阳区,49.62649737312233,37.921995974550825
3,绿园区,40.535149776804616,48.819866553390526
4,南关区,57.98042414518498,35.60590138397821
5,经开区,75.25348563068236,38.290218243148026
6,长春新区(高新),37.18155079610176,18.13358300568969
7,净月区,74.07468069549684,18.26555097293546
8,汽开区,31.79083886112152,35.07089483033711
